,Model,Samples,Mean_fit,Max_fit
85,( get-min-one-of (( possible-decisions  ) ) (( subtract (( consider-random  ) ) (( consider-utilitarian  ) )  ) )  ) ,"[0.5530287050992723, 0.5496714997090391, 0.5489456364420069, 0.5479743240501392, 0.5525352040086502, 0.5490032281481539, 0.550008393406437, 0.5523542484399886, 0.5506127722294402, 0.5490520587150318, 0.5507359225099574, 0.5522763827049882, 0.5493062356727725, 0.5561498531685785, 0.5509732801825771, 0.5511949787195135, 0.5510089251407845, 0.5510507908702575, 0.549165955351182, 0.5508730096792408, 0.5492295370289942, 0.5517671651397641, 0.5500659748078414, 0.5516224741217023, 0.5492724010276193, 0.5508667738019993, 0.5487578313193512, 0.5509790170501779, 0.5493247894909071, 0.5491410289346604]",0.5505649465657009,0.5561498531685785
92,( get-min-one-of (( possible-decisions  ) ) (( subtract (( subtract (( consider-pseudorandom  ) ) (( combine (( consider-random  ) ) (( consider-utilitarian  ) )  ) )  ) ) (( consider-pseudorandom  ) )  ) )  ) ,"[0.5487154206247984, 0.5511589022654576, 0.5501763821285277, 0.5498821457453539, 0.5488819976988918, 0.552882468070403, 0.5513807100716863, 0.5493814475050663, 0.5483479055588583, 0.5492603050200177, 0.551379839147591, 0.5481328413611197, 0.551040854503244, 0.5488028036943592, 0.5504245931664328, 0.5514351902722534, 0.5521364773713773, 0.5514170262656894, 0.5494271784980049, 0.5525434017707948, 0.5483777598494286, 0.5496053898940321, 0.5502889507335397, 0.5501697617435348, 0.5531644058487771, 0.5504928609330701, 0.5492733067202962, 0.5508790670324385, 0.5491168019773403, 0.5502514929203485]",0.5502809229464245,0.5531644058487771
5,( get-max-one-of (( possible-decisions  ) ) (( combine (( consider-random  ) ) (( consider-utilitarian  ) )  ) )  ) ,"[0.5489881623254382, 0.5496888470095188, 0.5496019754419952, 0.5520941615868026, 0.5475777891726034, 0.5507051301921976, 0.5513575766680282, 0.5503240610702825, 0.5513437424459713, 0.5497920906224143, 0.5495366582270809, 0.5478966204544664, 0.5494432128692595, 0.549958229089976, 0.5524470530436484, 0.5520430477361553, 0.5506886094520054, 0.5517827768861354, 0.5519832975955604, 0.5490047992923395, 0.5531708562738837, 0.5503743256111915, 0.5502736568786329, 0.5492099897568312, 0.5510049363955744, 0.5505112880289741, 0.5482859428250609, 0.5488530222751037, 0.5467993785518036, 0.5501082508401057]",0.5501616496206346,0.5531708562738837
62,( get-min-one-of (( possible-decisions  ) ) (( combine (( consider-pseudorandom  ) ) (( subtract (( subtract (( downstream-homophily  ) ) (( consider-random  ) )  ) ) (( consider-random  ) )  ) )  ) )  ) ,"[0.5423285078607251, 0.5423946493787143, 0.541827742356046, 0.543670920694646, 0.5424024261358393, 0.5470305848100326, 0.5408381005899183, 0.5440787909165974, 0.54115992336633, 0.5421199060269115, 0.5445905209928115, 0.5435053578191242, 0.539595425420022, 0.5419971149754567, 0.5414091055502877, 0.5466894140303297, 0.5432008889181887, 0.5462285996458386, 0.547465957998964, 0.5437142126438945, 0.5435113755250373, 0.5426759734541423, 0.5464686952887643, 0.5449703074768153, 0.544337142835698, 0.5446184771285397, 0.5439189785286408, 0.5402166809531037, 0.5410270603450607, 0.5448851190549004]",0.5434292653573795,0.547465957998964
7,( get-max-one-of (( possible-decisions  ) ) (( combine (( consider-random  ) ) (( multiply (( consider-utilitarian  ) ) (( consider-random  ) )  ) )  ) )  ) ,"[0.5442823332560929, 0.5427287943035449, 0.5445866765518216, 0.543020573312505, 0.5423608711739807, 0.543823559336957, 0.539914009690684, 0.5438294709624268, 0.5427335351592045, 0.5435798176638289, 0.541983549943001, 0.5427288149859504, 0.5449358487114488, 0.5451146479166549, 0.5421994586393271, 0.5419070366752782, 0.5412245786648864, 0.5423793603135914, 0.5439972358299431, 0.542550360166285, 0.5403759248786897, 0.5406733262962476, 0.5443114971751978, 0.5433782361428388, 0.540694130848745, 0.5422384646011527, 0.5443226086454795, 0.5377587710543731, 0.5427380094362471, 0.5428529940067508]",0.5426408165447713,0.5451146479166549
96,( get-min-one-of (( possible-decisions  ) ) (( subtract (( subtract (( subtract (( upstream-homophily  ) ) (( consider-utilitarian  ) )  ) ) (( combine (( multiply (( consider-pseudorandom  ) ) (( combine (( consider-utilitarian  ) ) (( consider-utilitarian  ) )  ) )  ) ) (( upstream-homophily  ) )  ) )  ) ) (( consider-random  ) )  ) )  ) ,"[0.5336471476659443, 0.5305536383280535, 0.5290930673775821, 0.5333768113706986, 0.5299208884764118, 0.5326249852034917, 0.5297359790759649, 0.5309016307017088, 0.532190596815814, 0.5332497729372807, 0.5412492651933007, 0.5412059761535795, 0.5430119250091638, 0.5395745305296321, 0.5441054266473521, 0.5420684350725364, 0.5406412860933174, 0.5437305512271436, 0.5404293556375263, 0.5433024541218456, 0.5410662148916772, 0.5392646242482789, 0.541421132873416, 0.5421398488995546, 0.543321926593297, 0.5433173786581333, 0.5394702720419895, 0.5399608996467199, 0.5426227807369373, 0.5385160680999669, 0.5424901796491902, 0.5435667987161833, 0.541534848769968, 0.5417247602651653, 0.5411437149585174, 0.5400394176380062, 0.5425690830220933, 0.5423363866885731, 0.5407276592138818, 0.5408447313962715]",0.5390673112661543,0.5441054266473521
56,( get-max-one-of (( possible-decisions  ) ) (( subtract (( downstream-homophily  ) ) (( subtract (( upstream-homophily  ) ) (( consider-heuristic  ) )  ) )  ) )  ) ,"[0.5370614333175916, 0.5370493623269397, 0.5369601684587112, 0.5380231958918622, 0.5365523268600928, 0.5386431027005729, 0.5397115601363075, 0.5359246069369823, 0.536494476137785, 0.535444699585935, 0.5372714058472994, 0.5370831046402806, 0.5358525138941914, 0.536832215242405, 0.5394727886962416, 0.5384235645428961, 0.5387919861415228, 0.5375083563411812, 0.5379077380242373, 0.5368360281584666, 0.5366669870692999, 0.5368817714269344, 0.5367860354438181, 0.5391061672287026, 0.5378639621007244, 0.5378383384437854, 0.5382960849285774, 0.536397355063807, 0.5372073751346458, 0.5398883593832926]",0.537492569003503,0.5398883593832926
69,( get-min-one-of (( possible-decisions  ) ) (( combine (( multiply (( upstream-homophily  ) ) (( consider-relative-income  ) )  ) ) (( consider-random  ) )  ) )  ) ,"[0.5324651263609047, 0.5366629531913883, 0.5353324692084498, 0.5403831533319956, 0.537256789584728, 0.5377419257005147, 0.5389639811156712, 0.5316869067494787, 0.5349325918225717, 0.5362448348123526, 0.5359384044809523, 0.5359802541437361, 0.5356688773968906, 0.5326072921868235, 0.5331400872434845, 0.536397542394625, 0.5375655548330297, 0.534158782115991, 0.5337156541364331, 0.5343435691600916, 0.5336373603879481, 0.5344128486875162, 0.5372966537500574, 0.5350440535542667, 0.5335607966253573, 0.5343424064835687, 0.5335110805881226, 0.5359619555797659, 0.5363237516519509, 0.5355128815286466]",0.5353596846269105,0.5403831533319956
23,( get-max-one-of (( possible-decisions  ) ) (( multiply (( combine (( consider-pseudorandom  ) ) (( consider-heuristic  ) )  ) ) (( subtract (( consider-utilitarian  ) ) (( consider-pseudorandom  ) )  ) )  ) )  ) ,"[0.5329040044511337, 0.5314881842181927, 0.5339647141078395, 0.5323674781370341, 0.533158054169216, 0.5378904022039591, 0.5348568368133815, 0.5361116426502935, 0.5380018129288887, 0.5333691441503635, 0.5378601295245349, 0.5350706999090538, 0.5380866833069892, 0.5352685928443361, 0.5370907285436388, 0.5328843196095904, 0.5380166226363113, 0.5306492181572928, 0.5358124186123517, 0.5362797170098, 0.5353250803626944, 0.5349621789791987, 0.537502621221818, 0.5361973126223117, 0.5339804671128467, 0.5366636798573899, 0.534619192868518, 0.5357422775481564, 0.5362553502600713, 0.5357190850081441]",0.5352699549941783,0.5380866833069892
70,( get-min-one-of (( possible-decisions  ) ) (( combine (( subtract (( consider-random  ) ) (( consider-random  ) )  ) ) (( consider-pseudorandom  ) )  ) )  ) ,"[0.5326056367469569, 0.5310759598222723, 0.534242915221308, 0.5325856945288467, 0.5312733818480598, 0.5327811910817742, 0.5332758754552569, 0.5318384760669423, 0.5353555763725385, 0.5311251927445695, 0.5351968718964978, 0.5340090376761512, 0.5332000136366783, 0.5324638768247589, 0.5349668702266585, 0.5310585840874378, 0.5298846429031044, 0.533215776999078, 0.5324936451755365, 0.5353105410445992, 0.5340361380180147, 0.5317171930421721, 0.5345302328354458, 0.5318162246499927, 0.5312171146320055, 0.5342491182239414, 0.5333289892115493, 0.5325838272596539, 0.5313163182422194, 0.531470331845805]",0.5328075082773275,0.5353555763725385
97,( get-min-one-of (( possible-decisions  ) ) (( subtract (( subtract (( upstream-homophily  ) ) (( combine (( consider-random  ) ) (( consider-relative-income  ) )  ) )  ) ) (( subtract (( subtract (( upstream-homophily  ) ) (( combine (( consider-random  ) ) (( consider-relative-income  ) )  ) )  ) ) (( consider-pseudorandom  ) )  ) )  ) )  ) ,"[0.5342739740160375, 0.5322624988645066, 0.5315347951932597, 0.5340185724246529, 0.5355739691941107, 0.533425892745323, 0.5294793004944426, 0.5329126750961302, 0.5315187555681677, 0.5303566684010204, 0.5317847627195732, 0.5287438475257715, 0.5310048601838084, 0.532064526091879, 0.5314072685588365, 0.5318385830647088, 0.5329356396689784, 0.5352100964336544, 0.5335273826051917, 0.532176513554387, 0.5331016656793582, 0.5323839552327615, 0.5335446371093338, 0.5311203229441879, 0.5340174940102054, 0.5340155679996733, 0.5320350329886404, 0.5335282568769347, 0.5317172614430583, 0.5344789205653704]",0.5325331232417987,0.5355739691941107
41,( get-max-one-of (( possible-decisions  ) ) (( subtract (( consider-heuristic  ) ) (( multiply (( consider-heuristic  ) ) (( consider-heuristic  ) )  ) )  ) )  ) ,"[0.5306097159770755, 0.5320944197559754, 0.5332484880963089, 0.5327382073823755, 0.5304127738675273, 0.5263827625981276, 0.5339986593890108, 0.5285762092452688, 0.5270885728375634, 0.5287011470089176, 0.5325399974642104, 0.5330548739768242, 0.534879556440558, 0.5307881363358704, 0.5307016229916968, 0.5318318899755161, 0.5318595793165923, 0.5359592684989848, 0.5311662556954982, 0.5345901224202403, 0.5298616030232192, 0.5292809504954537, 0.5324535641095798, 0.5308800998247741, 0.5289722024995475, 0.5290367997458475, 0.5304967297960138, 0.5313080246422512, 0.5343515437264531, 0.5325952602147055]",0.5313486345783996,0.5359592684989848
61,( get-min-one-of (( possible-decisions  ) ) (( combine (( consider-pseudorandom  ) ) (( consider-random  ) )  ) )  ) ,"[0.5275873338617487, 0.5285418863304492, 0.5281845865974097, 0.5292259079282389, 0.5338664686842939, 0.5294034787908501, 0.5290845173730766, 0.5314158505079866, 0.5319988939178381, 0.5308481347805368, 0.5305929324308363, 0.5305333322436906, 0.5280488176417439, 0.5298689313952383, 0.5307974028500477, 0.5312314634861258, 0.5326694353135525, 0.5281294983132194, 0.5284975805402519, 0.530949751280189, 0.5313635656222581, 0.5316514955115972, 0.5280093300820323, 0.5336229681369087, 0.5302357221923608, 0.5314705502474635, 0.5298454277562734, 0.529569916515482, 0.5307410295650982, 0.5316905208389366]",0.5303225576911912,0.5338664686842939
83,( get-min-one-of (( possible-decisions  ) ) (( subtract (( consider-pseudorandom  ) ) (( consider-random  ) )  ) )  ) ,"[0.531304668323941, 0.5312071087515543, 0.5312903825594444, 0.5293590004614447, 0.528895808739058, 0.5296719286332507, 0.5308413070064641, 0.5265784122390261, 0.5294229636851331, 0.5289663072647144, 0.5353706495325332, 0.5288989156402036, 0.5318172830808292, 0.5319873266436459, 0.5292818969094067, 0.5319637214083826, 0.5302033641662662, 0.5284319234741393, 0.5318503848800663, 0.5307213141854866, 0.5305966328068815, 0.5312276684309473, 0.5281158133691904, 0.5294167637106414, 0.5275036488795881, 0.5294990913595703, 0.5313926177468378, 0.5285922896957596, 0.5326386281189456, 0.5301758715262642]",0.5302407897743204,0.5353706495325332
63,( get-min-one-of (( possible-decisions  ) ) (( combine (( consider-random  ) ) (( consider-pseudorandom  ) )  ) )  ) ,"[0.5287161797445201, 0.5291489152862292, 0.5292508425240076, 0.5326727963503789, 0.5285560476615953, 0.5317187315189262, 0.5275032153590586, 0.5317015602443258, 0.5283786320151607, 0.5333141558004636, 0.5297998777550368, 0.5284345269964877, 0.5310064142974117, 0.5305023686597261, 0.527545998920076, 0.5311816254500001, 0.5290595791291366, 0.5294321179556981, 0.5289559490775391, 0.5291116597361153, 0.5281566556638486, 0.5281211615462618, 0.5304058757911497, 0.5284294321281946, 0.5292280668472095, 0.5343368842589405, 0.5319530173681397, 0.533479709327899, 0.5306048193080316, 0.5302099769531926]",0.5300305597891588,0.5343368842589405
44,( get-max-one-of (( possible-decisions  ) ) (( subtract (( consider-random  ) ) (( consider-pseudorandom  ) )  ) )  ) ,"[0.5304725605806496, 0.5303401948422339, 0.5292879845927484, 0.5300182538474807, 0.5290947093692968, 0.5277895703670694, 0.5306341316992371, 0.5297777174510631, 0.5294620481342742, 0.532210539773885, 0.5290970506502709, 0.5315711122213199, 0.5305040085988036, 0.5289964925379337, 0.5288804260701292, 0.5285872456213301, 0.5298373509220301, 0.5298625406330256, 0.5312382172245722, 0.5293283559059198, 0.5314874187028701, 0.5315968048955809, 0.5323462884269123, 0.529536425805874, 0.5308035833924467, 0.5295697298053816, 0.5301611262064743, 0.5314062439498488, 0.5278544326749537, 0.5278155441878897]",0.5299856036363835,0.5323462884269123
82,( get-min-one-of (( possible-decisions  ) ) (( subtract (( consider-pseudorandom  ) ) (( combine (( consider-random  ) ) (( consider-utilitarian  ) )  ) )  ) )  ) ,"[0.5283094242770179, 0.5283813807223066, 0.5274310343271187, 0.5273919102209774, 0.5272519325507269, 0.524608504415762, 0.5248971455342332, 0.5256894537620976, 0.5252288033330299, 0.5244090169982134, 0.5241444206637645, 0.5267953391255523, 0.5240477532026842, 0.5252947870275725, 0.5289236040198528, 0.5247553196473294, 0.5260197374873334, 0.5264017685929965, 0.5283702043892933, 0.5260225451276169, 0.5259594735733174, 0.5247948859436895, 0.5279386697421572, 0.5255638419792299, 0.5275295368181484, 0.5257591092621372, 0.525076736907021, 0.5272946496846603, 0.5250546886373596, 0.5241018141267961]",0.5261149164033332,0.5289236040198528
34,( get-max-one-of (( possible-decisions  ) ) (( multiply (( consider-utilitarian  ) ) (( consider-random  ) )  ) )  ) ,"[0.5243583162162505, 0.52592099544995, 0.525310988598244, 0.5244779911604842, 0.5228335382253314, 0.5259141559352745, 0.5236823401179227, 0.5208063561665788, 0.5253600220203121, 0.5225983568088151, 0.5240994786876854, 0.5247811313646364, 0.5233241704393087, 0.5252734309461992, 0.5223069258776772, 0.5231132177395345, 0.5214408438677619, 0.521950656270655, 0.5241971468241884, 0.5221760301189085, 0.5215746823234211, 0.5224795174352735, 0.5233798854449797, 0.5221798132922308, 0.5252032599086346, 0.523857764197469, 0.5225640569495292, 0.526533197294733, 0.5220040571934188, 0.5237618433909338]",0.5235821390088781,0.526533197294733
31,( get-max-one-of (( possible-decisions  ) ) (( multiply (( consider-random  ) ) (( consider-utilitarian  ) )  ) )  ) ,"[0.5244153304124228, 0.5247168262503954, 0.5232858899279456, 0.5240132675583035, 0.5220175044592077, 0.5252963047326162, 0.5229756302700478, 0.5243269884945275, 0.5237046018993112, 0.5244411497862048, 0.5216318427519451, 0.5231603373288134, 0.5229361952459781, 0.5210214637032176, 0.5237651083567042, 0.5253493277342262, 0.5219766681131544, 0.5236356873803354, 0.5218676613528745, 0.521718933337323, 0.5256006708005194, 0.5222984440979526, 0.5222944653250814, 0.5253734737137726, 0.5237291728451874, 0.5238199805089685, 0.5215786075324623, 0.5222849757121292, 0.5218919396173383, 0.5203193047982223]",0.5231815918015729,0.5256006708005194
37,( get-max-one-of (( possible-decisions  ) ) (( multiply (( multiply (( consider-altruism  ) ) (( consider-random  ) )  ) ) (( combine (( consider-utilitarian  ) ) (( consider-heuristic  ) )  ) )  ) )  ) ,"[0.5039612088500436, 0.507306316580339, 0.5046666003924885, 0.5051744453003062, 0.5082469426707914, 0.5065517109345752, 0.5076629573514012, 0.507829542198688, 0.5054235456462917, 0.5078121371143959, 0.5042468381116302, 0.5080659856549604, 0.5073706259254118, 0.507023969026968, 0.5055207574138645, 0.5110829978878416, 0.5035962859087122, 0.5063195050205553, 0.5041279802558245, 0.5100353358602947, 0.5099421227835984, 0.507623930777036, 0.507520822765656, 0.5047782619726088, 0.5049680823779764, 0.5072800571110512, 0.5080389967417251, 0.5117515824369172, 0.5055265745798599, 0.5070122644515035]",0.5068822794701106,0.5117515824369172
26,( get-max-one-of (( possible-decisions  ) ) (( multiply (( consider-heuristic  ) ) (( combine (( upstream-homophily  ) ) (( consider-pseudorandom  ) )  ) )  ) )  ) ,"[0.5033624149387045, 0.504526878520425, 0.5080713073091104, 0.500908489438742, 0.5032652143027786, 0.5054388448961078, 0.4999529435173241, 0.5067336897696074, 0.5016364292870601, 0.5012589652868773, 0.5035755165837703, 0.5044646071407819, 0.5069319269571239, 0.5053259501878151, 0.5024766231493389, 0.5047336172186335, 0.4989596112395247, 0.5032156036053902, 0.5038440217226619, 0.5021456417736919, 0.5052202469524163, 0.5040826930162168, 0.5056583772555018, 0.50303316891234, 0.4999324279060793, 0.5038217705616298, 0.5039417612374291, 0.5031340291953643, 0.5008225893364358, 0.5041578930232118]",0.5034877751414031,0.5080713073091104
13,( get-max-one-of (( possible-decisions  ) ) (( combine (( downstream-homophily  ) ) (( multiply (( multiply (( consider-heuristic  ) ) (( consider-altruism  ) )  ) ) (( consider-utilitarian  ) )  ) )  ) )  ) ,"[0.5041060872945622, 0.5038021077287064, 0.5004340696033303, 0.5009823229216643, 0.5019187431669113, 0.5025935805593257, 0.5050023812815734, 0.5029708202458292, 0.5056511433325039, 0.5030066752155661, 0.5027619681420438, 0.5004321055571453, 0.5041922590868896, 0.5008163455660257, 0.5039540741429005, 0.5028581962180113, 0.5028614840145947, 0.5002306809784536, 0.5024744045898862, 0.5026660419535807, 0.5023758149475406, 0.5041729043575622, 0.5032690785028404, 0.5076988083492696, 0.4999215613844301, 0.5022560654795496, 0.5050486593804119, 0.5011844810731685, 0.5048946820797744, 0.5002025773360926]",0.5028246708163383,0.5076988083492696
43,( get-max-one-of (( possible-decisions  ) ) (( subtract (( consider-pseudorandom  ) ) (( combine (( consider-pseudorandom  ) ) (( consider-random  ) )  ) )  ) )  ) ,"[0.5020933896061169, 0.5035855743890527, 0.5020498819747448, 0.5024541161364013, 0.500666071405534, 0.5012981707874636, 0.5028264023037752, 0.5005652485360617, 0.502308649467912, 0.5030765689912449, 0.5002960664961859, 0.5025948634584316, 0.5018799319675556, 0.4998892168647538, 0.5052939558552043, 0.503185327709132, 0.5007056275389495, 0.5011707917051406, 0.505129831202778, 0.50226022631491, 0.5026356560713464, 0.5028267257549848, 0.5017831517755591, 0.5035750345638269, 0.5032632677318181, 0.504862845238728, 0.5005365920952916, 0.5010444808358092, 0.5026645360627304, 0.5014950766283155]",0.5022672426489919,0.5052939558552043
45,( get-max-one-of (( possible-decisions  ) ) (( subtract (( consider-random  ) ) (( consider-random  ) )  ) )  ) ,"[0.4993564442900398, 0.5022597400272053, 0.5034253644434457, 0.5008101339952813, 0.5025153575044956, 0.5001051366822512, 0.5021163870072689, 0.5031130342509014, 0.5015422046356922, 0.5017847822209536, 0.5041072614762391, 0.5014519065064639, 0.5030443483501802, 0.5030291416492787, 0.5018849507050357, 0.5023732827981396, 0.5010853653680286, 0.5022326538386619, 0.5021311409539376, 0.5031636713579836, 0.5013970728066749, 0.5013059447411782, 0.5045396836772192, 0.5026830911995629, 0.5009668418330331, 0.502171723654125, 0.5018126928980824, 0.5025913412834052, 0.5004314742749377, 0.5024358366113586]",0.5020622670347021,0.5045396836772192
4,( get-max-one-of (( possible-decisions  ) ) (( combine (( consider-random  ) ) (( consider-random  ) )  ) )  ) ,"[0.5005191933160293, 0.5023544927599634, 0.5013904183841307, 0.5020008417903643, 0.5006442409488945, 0.5020620957855865, 0.502414981475464, 0.5037781654579256, 0.5021702652910537, 0.5027664545934111, 0.5004322024326787, 0.5013411078789954, 0.5014774916113391, 0.5019847033388194, 0.5005227656163368, 0.5030277193858936, 0.4982126193003987, 0.504448406816303, 0.5023901075980649, 0.5044269750240786, 0.5038751963379035, 0.4996767485221037, 0.504261556920287, 0.4988424683149474, 0.5007339909411168, 0.5024144826015725, 0.5003218988578337, 0.5003100304171992, 0.5061833322818177, 0.5014490937057267]",0.5018811349235414,0.5061833322818177
21,( get-max-one-of (( possible-decisions  ) ) (( consider-random  ) )  ) ,"[0.5036979585179001, 0.5022417028524795, 0.505437210557915, 0.5024808755557647, 0.5030232749583093, 0.5014123054438144, 0.5042619681588083, 0.5014785622016089, 0.500602893550353, 0.4998234187941612, 0.4998453180567008, 0.5027409693246491, 0.5040810160911671, 0.5030674591510738, 0.5010160464530992, 0.5029174161643456, 0.5016765635537189, 0.5011995751630983, 0.5008920166118367, 0.5011600340645902, 0.501407841298727, 0.5003633022321805, 0.5035679992509434, 0.5006940132479724, 0.5021474217715984, 0.500097379956632, 0.5027057138348511, 0.4995136687633248, 0.4997287526781141, 0.5019147131744837]",0.5018399130478074,0.505437210557915
30,( get-max-one-of (( possible-decisions  ) ) (( multiply (( consider-random  ) ) (( consider-random  ) )  ) )  ) ,"[0.5008739740090562, 0.5008928098831539, 0.5028249486665904, 0.5011389292177082, 0.5018052799270232, 0.5043529028072472, 0.5017010969798361, 0.50156960446383, 0.5032522846868224, 0.5011577551351256, 0.4998124914768106, 0.5038031050137896, 0.5005963777075769, 0.5033440518491137, 0.5019567994054811, 0.5012488264821995, 0.4986963808427747, 0.4974411766081323, 0.5017024550890014, 0.5037391905750475, 0.5021931806946649, 0.5023983173843473, 0.5038438967734701, 0.5009841450296117, 0.5041429703847146, 0.5026946553793906, 0.4993352166964263, 0.5004595849352215, 0.5018393682278426, 0.5011675782159011]",0.5016989784849304,0.5043529028072472
73,( get-min-one-of (( possible-decisions  ) ) (( consider-random  ) )  ) ,"[0.5029455589578006, 0.4991835785200285, 0.5005050381363219, 0.5009609898317883, 0.5059421874838459, 0.5017081971028037, 0.501184667176576, 0.503905454060854, 0.5000626668660899, 0.5002963859508688, 0.5025173727956929, 0.5041776473922301, 0.5026413843815238, 0.5011052800240738, 0.5013110649022966, 0.5004999271363887, 0.5030113229021447, 0.5008528499774625, 0.5004587278727517, 0.5012063241142843, 0.5011566589633353, 0.5019873411876216, 0.5033630799754842, 0.499214129415599, 0.501772417246484, 0.5011117895086081, 0.5034502706191412, 0.5009928977723664, 0.5021641374832816, 0.5007119485790688]",0.5016800432112272,0.5059421874838459
64,( get-min-one-of (( possible-decisions  ) ) (( combine (( consider-random  ) ) (( consider-random  ) )  ) )  ) ,"[0.5021277356467249, 0.5007821256768739, 0.501513796411067, 0.5029180869492464, 0.5026282290728026, 0.500374670612492, 0.5010081504678076, 0.5023102820049595, 0.501252163427958, 0.5011234054495219, 0.5031755392932626, 0.5018866047076006, 0.5011040783894473, 0.5019525737735537, 0.5012358770383131, 0.4994018344773076, 0.4999235113059994, 0.5009524656619007, 0.5023136812433556, 0.5041335495047554, 0.503264547533308, 0.5026783436634732, 0.4990843687559675, 0.5012514617147685, 0.5027158224137895, 0.5026492444496019, 0.5014450581244683, 0.5010915453431173, 0.4999258639728038, 0.5030858670148863]",0.5016436828033711,0.5041335495047554
17,( get-max-one-of (( possible-decisions  ) ) (( combine (( subtract (( consider-random  ) ) (( consider-random  ) )  ) ) (( consider-random  ) )  ) )  ) ,"[0.5048552728989061, 0.4999270448161569, 0.4998082714230347, 0.498740718311796, 0.5024326449663493, 0.4994656463190658, 0.5024578074365025, 0.5002613743658824, 0.5023641519666748, 0.5016446787239199, 0.5042520122565649, 0.5005081061152064, 0.5060848610618447, 0.5010154176361348, 0.5021270182414495, 0.5007748644763638, 0.4983278114769841, 0.5003084214496084, 0.4988832483771346, 0.5019027715418095, 0.500094929431905, 0.4990513769800284, 0.4977415006210403, 0.5027190126652001, 0.5031030400301386, 0.5021561735199925, 0.5028052041859514, 0.5004466917816935, 0.5027328374361306, 0.5039093413632127]",0.5013634083958894,0.5060848610618447
19,( get-max-one-of (( possible-decisions  ) ) (( combine (( subtract (( downstream-homophily  ) ) (( consider-random  ) )  ) ) (( consider-random  ) )  ) )  ) ,"[0.4986475063232677, 0.4999009130384706, 0.5008357091956603, 0.4966928477855017, 0.5037269852044712, 0.5056346850330693, 0.502683992944554, 0.499664741740551, 0.499448586853614, 0.5007868318386947, 0.5028094492832408, 0.5020931257289829, 0.5014489657970418, 0.500089751542088, 0.4993747220922088, 0.4986218170179014, 0.4980864408933962, 0.498667233777718, 0.5026191234095476, 0.5028674852715221, 0.5049823765000665, 0.4961915364071609, 0.4932237789577018, 0.500068713280918, 0.5020994025055018, 0.4985259994344255, 0.5037301535211578, 0.497160303085218, 0.4976587211978167, 0.5005163124157537]",0.5002952737359074,0.5056346850330693
86,( get-min-one-of (( possible-decisions  ) ) (( subtract (( consider-random  ) ) (( downstream-homophily  ) )  ) )  ) ,"[0.4999059638925359, 0.5016972927328647, 0.4996346873195068, 0.4998265113398147, 0.4982376998690617, 0.4955543872330906, 0.5044635221472863, 0.4969127959962347, 0.4985481633630963, 0.5028603496312407, 0.5018308604822185, 0.4968675062788958, 0.49982548038978, 0.5070660594947766, 0.4928707271210467, 0.494584700878676, 0.5004408673052652, 0.495063072553273, 0.5084298343760801, 0.5024580407099433, 0.5042568928627551, 0.4981694421097038, 0.4988435422231574, 0.4963533063840595, 0.5023226743275006, 0.5007422401176721, 0.4971637834663391, 0.4962764968280954, 0.5015804452560128, 0.5002688182953929]",0.49976853883284583,0.5084298343760801
94,( get-min-one-of (( possible-decisions  ) ) (( subtract (( subtract (( consider-random  ) ) (( consider-random  ) )  ) ) (( upstream-homophily  ) )  ) )  ) ,"[0.4973915769185188, 0.4995611742080731, 0.500305047138201, 0.5036112361901445, 0.4971866281592104, 0.4946158981400094, 0.4970374240644171, 0.501901766990513, 0.5047855631846115, 0.5034055862738637, 0.5028201245529549, 0.5023221622135748, 0.5049911050835281, 0.5033437196850187, 0.498445647882825, 0.4980457570265849, 0.4971385263776065, 0.495918800996284, 0.5032084391153057, 0.4950137986113936, 0.4968954318939115, 0.4984723367186168, 0.5011409475010439, 0.4957223744201693, 0.5021193504221397, 0.498117986971452, 0.4989203508091069, 0.4983138130599204, 0.4996622480629621, 0.4976736185988114]",0.4996029480423592,0.5049911050835281
0,( get-max-one-of (( possible-decisions  ) ) (( combine (( combine (( consider-random  ) ) (( consider-random  ) )  ) ) (( downstream-homophily  ) )  ) )  ) ,"[0.4965113778666102, 0.4994030580230893, 0.4952623711116799, 0.508677377825698, 0.4998270481388946, 0.4977595892060378, 0.4959482594787457, 0.5011852785743821, 0.4974731787717426, 0.4949577808152869, 0.5039031631086677, 0.5000680162735235, 0.501593278511989, 0.5017425485591641, 0.5061956506218026, 0.5030425028126888, 0.4968017992434778, 0.49810248344261, 0.4955762793962601, 0.497155691467251, 0.5013373743593754, 0.4917453756983829, 0.4999701982411216, 0.4986322824199442, 0.498922562846358, 0.5012756515351421, 0.4963578536079, 0.4988342460289267, 0.5022958054114673, 0.4977017116198925]",0.49927532650060374,0.508677377825698
6,( get-max-one-of (( possible-decisions  ) ) (( combine (( consider-random  ) ) (( downstream-homophily  ) )  ) )  ) ,"[0.4996512745499962, 0.5043033532788561, 0.4978234133735407, 0.4974079835016528, 0.5011829426416534, 0.494890090161794, 0.4997765011005941, 0.4977180187725926, 0.4958426540415174, 0.4954348339947432, 0.4921619409783737, 0.4989201057139206, 0.4962965972295078, 0.5024081831773941, 0.5026199017844308, 0.4994318910447859, 0.5027954736407492, 0.5002212821716882, 0.5035993196022337, 0.4950757004781275, 0.5007228870886143, 0.499449260031526, 0.5012414147177909, 0.499593364249221, 0.4951677482437674, 0.4979235338008558, 0.4989727883320157, 0.4981233459189587, 0.5011207515080951, 0.4982731034913732]",0.49893832195401233,0.5043033532788561
11,( get-max-one-of (( possible-decisions  ) ) (( combine (( downstream-homophily  ) ) (( consider-random  ) )  ) )  ) ,"[0.4991941996766864, 0.498551005169085, 0.4999373590359894, 0.5004979546129263, 0.49926705384868, 0.4955468048106627, 0.4997612227477132, 0.4926019580823612, 0.49649566225831, 0.4924297443489224, 0.5027226837903401, 0.4975690173769701, 0.5038030173192345, 0.4932237639172271, 0.5009054764962556, 0.4985286095386256, 0.5012590371076099, 0.5001873146528386, 0.4972314511077402, 0.4948137716913737, 0.5030367577805623, 0.502135073113086, 0.5059230869513727, 0.497734647292242, 0.4977677702722737, 0.4963322948299032, 0.496183494303017, 0.4993852526614833, 0.4987039990461395, 0.5007493711022594]",0.4987492951647297,0.5059230869513727
59,( get-max-one-of (( possible-decisions  ) ) (( subtract (( upstream-homophily  ) ) (( consider-random  ) )  ) )  ) ,"[0.4987171950115611, 0.4944632835371928, 0.49847773699888, 0.4977849497860248, 0.496620517430281, 0.4965345743700464, 0.5013238265894082, 0.498613725272311, 0.4978621377920174, 0.4961443431026504, 0.499734980148611, 0.4954801531271509, 0.4992218766882593, 0.5010943752461386, 0.4947143364934684, 0.5023095206742497, 0.500408964326815, 0.4965794840839431, 0.495202973251533, 0.4938182530600252, 0.502095219080869, 0.4968221102411289, 0.4988619512846318, 0.5045514347301516, 0.5001603452811926, 0.497847919074695, 0.4959589474684366, 0.5005575235554814, 0.5000762017587366, 0.4978483121483013]",0.4983295723871397,0.5045514347301516
15,( get-max-one-of (( possible-decisions  ) ) (( combine (( multiply (( downstream-homophily  ) ) (( consider-heuristic  ) )  ) ) (( consider-utilitarian  ) )  ) )  ) ,"[0.498980519570223, 0.4974546663970372, 0.501061738709902, 0.4974644255756418, 0.499083292445217, 0.4991157752344437, 0.4974005157132237, 0.4993712117966502, 0.4969941681309782, 0.4997019822275239, 0.4998701849383715, 0.4971965015808235, 0.4983087570395546, 0.4959025670964777, 0.4983789204264262, 0.4975216194992614, 0.4957836940528318, 0.4980240286981657, 0.4983425298350611, 0.4997626061331476, 0.5000138026143108, 0.4965997756708338, 0.4975168368478762, 0.4990778330288447, 0.4984122547603731, 0.497308666781097, 0.4988693662019085, 0.498654646746856, 0.4981224731968564, 0.4977010376241662]",0.4982665466191361,0.501061738709902
2,( get-max-one-of (( possible-decisions  ) ) (( combine (( combine (( upstream-homophily  ) ) (( consider-random  ) )  ) ) (( upstream-homophily  ) )  ) )  ) ,"[0.4990381612777523, 0.4974997542349789, 0.5014152934056991, 0.5024650489999853, 0.5016913184205389, 0.497295560326859, 0.4939416840735973, 0.5004098503034087, 0.4958099682464098, 0.496452386787684, 0.49830410841211, 0.4984130896216143, 0.4967826406301733, 0.4998194040112796, 0.4989848830617492, 0.4964240841904273, 0.5007565804968215, 0.4957089436147135, 0.49624128389389, 0.498957253635127, 0.5002775186564827, 0.5000602155394139, 0.4911111897146166, 0.4990153234910536, 0.4987173989130443, 0.4927134993371891, 0.4947115734698732, 0.5031622798886044, 0.5028204182979297, 0.497916905810866]",0.4982305873587964,0.5031622798886044
58,( get-max-one-of (( possible-decisions  ) ) (( subtract (( subtract (( consider-utilitarian  ) ) (( consider-pseudorandom  ) )  ) ) (( combine (( subtract (( upstream-homophily  ) ) (( combine (( consider-heuristic  ) ) (( consider-heuristic  ) )  ) )  ) ) (( consider-heuristic  ) )  ) )  ) )  ) ,"[0.4805138988952371, 0.4799307409838488, 0.4796715529499687, 0.4831124330908839, 0.4817250907235418, 0.4813147897891861, 0.4828293358882305, 0.481081292907877, 0.4808131205144829, 0.4839989370435986, 0.4839093539409424, 0.4852385208135626, 0.483458994398747, 0.484580754839838, 0.4809641912028965, 0.4816176018775951, 0.4811539387095616, 0.4814233197464889, 0.4825933186888215, 0.4829830327690761, 0.4817619875053788, 0.4806710882206297, 0.4822066375136936, 0.4847947619015874, 0.4824600895174423, 0.4802178663045922, 0.4822226723827759, 0.4816593450061955, 0.4824364058609058, 0.4808236289525638]",0.48207229009800495,0.4852385208135626
25,( get-max-one-of (( possible-decisions  ) ) (( multiply (( consider-altruism  ) ) (( downstream-homophily  ) )  ) )  ) ,"[0.4803389611566377, 0.4799427977289954, 0.4800418894933733, 0.479685857853275, 0.4800019050804009, 0.4799691980218103, 0.4801068847761305, 0.4798069954372393, 0.4797770530890637, 0.48056960540937, 0.4789426740626847, 0.4808119370407502, 0.480776354358778, 0.4802108280021562, 0.4798744379753115, 0.4803075474819204, 0.4802149151666637, 0.479731123155144, 0.4798889462457048, 0.4800060808999318, 0.4806837133386094, 0.4802749103462961, 0.4799144074490402, 0.4798067412965849, 0.4804451610646788, 0.4799601752402299, 0.4805493675248997, 0.480012058945072, 0.4811213808956939, 0.480351963971853]",0.4801375290836099,0.4811213808956939
36,( get-max-one-of (( possible-decisions  ) ) (( multiply (( downstream-homophily  ) ) (( consider-altruism  ) )  ) )  ) ,"[0.4797714474988611, 0.4806687285553688, 0.4806769076670779, 0.4803588760231148, 0.4800306882064549, 0.4803475209933595, 0.480042153694443, 0.4800343027288762, 0.4799973024296915, 0.4805284507106722, 0.4798183351795163, 0.4792385345585174, 0.4794782793099113, 0.4798707467953941, 0.4806727518615992, 0.479202475118401, 0.4804275304597653, 0.4801939459424532, 0.4801477799494165, 0.4799900209001279, 0.4804039922162485, 0.4795227643192855, 0.4796077835796037, 0.4796127095263216, 0.4793129790086167, 0.4800791158104791, 0.4799104774972814, 0.4806321806991371, 0.480388973478372, 0.4803730640986324]",0.48004469396056665,0.4806769076670779
89,( get-min-one-of (( possible-decisions  ) ) (( subtract (( downstream-homophily  ) ) (( consider-heuristic  ) )  ) )  ) ,"[0.4788915670656021, 0.4787074892052038, 0.4775682650137088, 0.4754593509571922, 0.4772428483423181, 0.4733251099999762, 0.4728469131435691, 0.4803321793346516, 0.4764064060273966, 0.4729481393979506, 0.4744795088673803, 0.4790244415651789, 0.4759201114821953, 0.4756112444084103, 0.4752792505385617, 0.4746571430267338, 0.478476994005349, 0.476420871719329, 0.4747396211424521, 0.475491051645098, 0.4747963367330316, 0.4769092274559263, 0.4754535712999807, 0.4751174646385147, 0.4765133352414699, 0.4763208180242401, 0.4763983901944802, 0.4758032553429797, 0.4768647855885914, 0.4751198560156697]",0.4761041849141048,0.4803321793346516
1,( get-max-one-of (( possible-decisions  ) ) (( combine (( combine (( downstream-homophily  ) ) (( consider-utilitarian  ) )  ) ) (( subtract (( consider-utilitarian  ) ) (( consider-utilitarian  ) )  ) )  ) )  ) ,"[0.4750447311708166, 0.4714177596654883, 0.477168455283363, 0.4732153629794648, 0.473333653678802, 0.4733543400080743, 0.4741202819144721, 0.4752141367092241, 0.4732851221320718, 0.4752964591297729, 0.4735974836181373, 0.4732317073969651, 0.473900614986467, 0.4732707075345698, 0.4731146927218254, 0.4742115512037296, 0.4748300634265141, 0.4740357379442159, 0.474003437211857, 0.473661637245904, 0.473523292003973, 0.4742187965873637, 0.4744274959699904, 0.4745543135652387, 0.4731424553946457, 0.4759359418589133, 0.4745980329636749, 0.4733433836677943, 0.4734520622026686, 0.4752010304301488]",0.47405682468687155,0.477168455283363
12,( get-max-one-of (( possible-decisions  ) ) (( combine (( downstream-homophily  ) ) (( consider-utilitarian  ) )  ) )  ) ,"[0.4724217504815038, 0.4730709754655708, 0.4719388042855729, 0.4734260299288126, 0.4736183326180907, 0.4727175500771205, 0.4757612160635942, 0.471472043767897, 0.4754494956171788, 0.4725804163536509, 0.4720470006480222, 0.4760707383218937, 0.4744550770239283, 0.4739304792505208, 0.4745208496343886, 0.4756237666356719, 0.4735226591205537, 0.4740504259666653, 0.4732695940234358, 0.4748360989305674, 0.4745115702384839, 0.4749699016611837, 0.4748220650289397, 0.4718462608294444, 0.475697164642223, 0.472618806053638, 0.4738515342615311, 0.4752572163320326, 0.4748546899229683, 0.4724921972569933]",0.4738568236814027,0.4760707383218937
48,( get-max-one-of (( possible-decisions  ) ) (( subtract (( consider-random  ) ) (( multiply (( consider-utilitarian  ) ) (( consider-utilitarian  ) )  ) )  ) )  ) ,"[0.4751781938374519, 0.4733732483340702, 0.4774895245390966, 0.4709639134131331, 0.4674954029829246, 0.4693374583884422, 0.4723459673124794, 0.4732456671621861, 0.4753105653583024, 0.4730971813818684, 0.4720079422422985, 0.4723090750234153, 0.4728342909174349, 0.4750308739410604, 0.4738595813772581, 0.475106461627488, 0.4729873351794345, 0.4732948838663472, 0.4720051109274061, 0.4736570761735313, 0.4746298089974077, 0.4755541395869536, 0.4713680087908883, 0.4735363298968837, 0.4730871089764341, 0.4735490417989323, 0.474532720045882, 0.4744785368114597, 0.472625847091704, 0.4762857538620387]",0.47335256832814043,0.4774895245390966
32,( get-max-one-of (( possible-decisions  ) ) (( multiply (( consider-random  ) ) (( multiply (( downstream-homophily  ) ) (( consider-altruism  ) )  ) )  ) )  ) ,"[0.4665956729475747, 0.4656177951872445, 0.4644550615280777, 0.4685027942660031, 0.4666266884817059, 0.4658002102915419, 0.4674091056874775, 0.465477497734765, 0.4674966288603766, 0.466911456821554, 0.4660056880842413, 0.4682975245988371, 0.4706287054246851, 0.4683666771978201, 0.4651166401135698, 0.4640712437104957, 0.4687771366674931, 0.4649745658933012, 0.4676276251619142, 0.4672477873228134, 0.4674169316441763, 0.4685141949603862, 0.4658764221325079, 0.4674036078613479, 0.4671338238707395, 0.4679914736753723, 0.4667476565296017, 0.4660824810391376, 0.4665761171831442, 0.4679536673170436]",0.4669234294064983,0.4706287054246851
38,( get-max-one-of (( possible-decisions  ) ) (( multiply (( multiply (( consider-heuristic  ) ) (( consider-utilitarian  ) )  ) ) (( combine (( consider-altruism  ) ) (( consider-relative-income  ) )  ) )  ) )  ) ,"[0.465288982786764, 0.4623585323197522, 0.4625994662000605, 0.4645349120056602, 0.4644222006709583, 0.4658548018219087, 0.4639090518910785, 0.4653995475073367, 0.4676592345362522, 0.4618258452580613, 0.4628094475058918, 0.4651022523343742, 0.4643019832394586, 0.4653433477919159, 0.46506590462456, 0.4667136679337458, 0.4655952873056091, 0.4650277368833537, 0.4646363492326676, 0.466544217011799, 0.4635831853784097, 0.464705389247566, 0.4656793300539525, 0.4643997446185212, 0.463216965479213, 0.4642723551943544, 0.4650053962195921, 0.465827852293225, 0.4623182692739395, 0.4650602896522519]",0.46463538487574113,0.4676592345362522
50,( get-max-one-of (( possible-decisions  ) ) (( subtract (( consider-utilitarian  ) ) (( multiply (( consider-altruism  ) ) (( downstream-homophily  ) )  ) )  ) )  ) ,"[0.4613496931705765, 0.4634606742463935, 0.4653075358209031, 0.4625150361470848, 0.4623514101993606, 0.4624245809557927, 0.4622445020133187, 0.4637111459431086, 0.4624294080566514, 0.4645936262693809, 0.4601642351592496, 0.4613027179576232, 0.4630877215832371, 0.4629492195940864, 0.4635323655253963, 0.4622923381657674, 0.4623780723391263, 0.4622259713426876, 0.4620997445959386, 0.4612512601089563, 0.4617636667972087, 0.4623398481644716, 0.4615369099108593, 0.463033938557283, 0.4625842267553131, 0.462163354400077, 0.4605817109539697, 0.4620480867546482, 0.462269882290299, 0.4636683909656373]",0.46245537582481355,0.4653075358209031
93,( get-min-one-of (( possible-decisions  ) ) (( subtract (( subtract (( consider-pseudorandom  ) ) (( consider-heuristic  ) )  ) ) (( consider-selfishness  ) )  ) )  ) ,"[0.4569701062914053, 0.4581359067450802, 0.4605798560644148, 0.4577615641644261, 0.4552704579548651, 0.4566974886148254, 0.459611306437602, 0.4601193648504504, 0.4588191091042089, 0.4617809072211985, 0.4593616430113309, 0.4587035287903538, 0.4581653137226413, 0.4605998037434656, 0.4572509499886348, 0.4597266775708188, 0.4581757921502483, 0.4582612244685009, 0.4574328237744302, 0.4590387723391588, 0.4575201153991993, 0.45862648078926, 0.4600235392687477, 0.4601308051336328, 0.4588236649112907, 0.4558929822404226, 0.4575548478410741, 0.4587327635677571, 0.4571822202476193, 0.4565281234143702]",0.4584492713273811,0.4617809072211985
40,( get-max-one-of (( possible-decisions  ) ) (( subtract (( combine (( consider-utilitarian  ) ) (( consider-utilitarian  ) )  ) ) (( consider-utilitarian  ) )  ) )  ) ,"[0.4585882311486816, 0.458956058191047, 0.4564763290793445, 0.4568869897492008, 0.4566717380591037, 0.4565074669005438, 0.4580687248088818, 0.4577286339748929, 0.4576609158937348, 0.4594036267882905, 0.4575988649216853, 0.4583604533296184, 0.4564962133178699, 0.4569610270410083, 0.4586282255021382, 0.4568019806131201, 0.4563843663903331, 0.4566111014375801, 0.4584091370519923, 0.4574502433242617, 0.4578512227717115, 0.4591267067760556, 0.4578328685419712, 0.4578382843464985, 0.4582144402464044, 0.4561044717423609, 0.4582365351440801, 0.4573589596267589, 0.4587876880085165, 0.4585079104933658]",0.45768364717403504,0.4594036267882905
9,( get-max-one-of (( possible-decisions  ) ) (( combine (( consider-utilitarian  ) ) (( consider-utilitarian  ) )  ) )  ) ,"[0.4562579247798188, 0.4551004705333734, 0.4561031435866834, 0.4582026155583039, 0.4571052176381544, 0.4560722378772039, 0.4579100526830567, 0.4580577120238219, 0.4584558833666174, 0.4590596374525565, 0.4577393319703999, 0.4580867243015166, 0.4560552341802812, 0.4593458912632681, 0.4599234771341255, 0.459793956750014, 0.4583200013428186, 0.457394106341505, 0.4560971848135006, 0.459417249086698, 0.4551767333126948, 0.4576120827277931, 0.4578884959222076, 0.4583237541290199, 0.4587043776293874, 0.4576602996521292, 0.4574974642207624, 0.4563626082874287, 0.4595908694093382, 0.4566652690185468]",0.45766600023310094,0.4599234771341255
51,( get-max-one-of (( possible-decisions  ) ) (( subtract (( consider-utilitarian  ) ) (( multiply (( consider-utilitarian  ) ) (( consider-utilitarian  ) )  ) )  ) )  ) ,"[0.4578191610744441, 0.4563945579147853, 0.4596885225126215, 0.4597362924543612, 0.4548073453547034, 0.4574241532490563, 0.4572530148352728, 0.4569950627722706, 0.4568072772938364, 0.4574105205077745, 0.459325339396781, 0.4565200633776722, 0.4565183375505143, 0.4560944498417613, 0.4581849511023128, 0.4561507299773097, 0.4590820472509213, 0.4580557835462926, 0.4568242591184412, 0.4555658986843661, 0.4570220317669202, 0.4605472141100515, 0.4585640686694102, 0.4587225201461071, 0.4576363548125687, 0.4561694763129187, 0.4562177891086182, 0.4583934418335526, 0.4602891752533463, 0.4577386729281071]",0.45759861709190325,0.4605472141100515
22,( get-max-one-of (( possible-decisions  ) ) (( consider-utilitarian  ) )  ) ,"[0.4569698566391241, 0.4580881141719893, 0.4578734179623548, 0.456144679496673, 0.4584980711171294, 0.458858868430525, 0.4574377772232438, 0.4571397784722312, 0.4590769976811177, 0.4574857750557248, 0.4558984070440845, 0.4579605405300231, 0.4575631890127543, 0.4564392110712797, 0.4561050822942368, 0.4577041295061831, 0.4582570252407078, 0.4569912045850443, 0.4570650877136905, 0.4574922780591157, 0.4566446695775222, 0.4584961954904704, 0.4560502457019758, 0.4579781270054866, 0.4578007681326619, 0.457001270393277, 0.4600755519367282, 0.4576676738828935, 0.4564979151735607, 0.4575853121888471]",0.45749490735968856,0.4600755519367282
35,( get-max-one-of (( possible-decisions  ) ) (( multiply (( consider-utilitarian  ) ) (( consider-utilitarian  ) )  ) )  ) ,"[0.4577950537601352, 0.4600970654698176, 0.4568577855233462, 0.4550057447319474, 0.4580032614929892, 0.455907126599592, 0.4561844396866849, 0.4585101387175962, 0.4579868625016383, 0.4560599117241481, 0.4601878027402367, 0.4552108635545652, 0.4598120126902949, 0.457463600576653, 0.4558215768456515, 0.4592338639417155, 0.4604451807965237, 0.457443427824766, 0.4558110671597781, 0.4555687027090054, 0.4589420156052842, 0.4594461998857045, 0.455550796118901, 0.4555925786952693, 0.4586532899502761, 0.4583798587745978, 0.4573418996256703, 0.4566943085331329, 0.4568594657718122, 0.4575978296006175]",0.4574821243869449,0.4604451807965237
18,( get-max-one-of (( possible-decisions  ) ) (( combine (( subtract (( consider-utilitarian  ) ) (( consider-pseudorandom  ) )  ) ) (( multiply (( consider-relative-income  ) ) (( consider-pseudorandom  ) )  ) )  ) )  ) ,"[0.4572063928646432, 0.458720677719931, 0.4571504138993666, 0.4567116860581967, 0.4572450656487407, 0.4567748338130142, 0.4597763760780005, 0.4561309968412218, 0.4573169550861699, 0.4572173475138898, 0.4562868870293423, 0.4582861739176481, 0.457216646624955, 0.4564914085057189, 0.4569622041405068, 0.4566141815521602, 0.456636117835321, 0.4575264091309589, 0.4560207778233367, 0.4563142437300523, 0.4596428092237796, 0.4567011269275193, 0.4600298490628421, 0.458765393589749, 0.4548314055805206, 0.4582243364273569, 0.4566930804132462, 0.4581041739064552, 0.4589734977145888, 0.4577974013611881]",0.4574122956673473,0.4600298490628421
76,( get-min-one-of (( possible-decisions  ) ) (( multiply (( consider-utilitarian  ) ) (( consider-random  ) )  ) )  ) ,"[0.4557664095907006, 0.4568749358295133, 0.4542118098080756, 0.4561210982653157, 0.4548092925175707, 0.455283762489166, 0.4549537611018409, 0.4534926241137841, 0.45554604529667, 0.4523440188344032, 0.4549636521011521, 0.4559207094660026, 0.456308927078525, 0.4548807557473613, 0.4558232947757878, 0.4571343127171374, 0.4574432198208626, 0.4584751315072675, 0.4550732906586764, 0.4551475032113737, 0.4582833531140223, 0.4580012537355992, 0.4550758822377574, 0.4566987426421753, 0.4555909399946551, 0.457735301982015, 0.4529253452615481, 0.4589956384032976, 0.4569229937766124, 0.456017025836307]",0.4558940343971726,0.4589956384032976
74,( get-min-one-of (( possible-decisions  ) ) (( multiply (( consider-random  ) ) (( consider-utilitarian  ) )  ) )  ) ,"[0.4556227894400083, 0.4586539197180435, 0.4542318065921241, 0.4565698364183458, 0.4533070491206137, 0.4521271789248515, 0.4558503188746514, 0.4572964529548017, 0.4494803863934845, 0.4560657357993258, 0.4553115362128432, 0.455418227000448, 0.4562051551214605, 0.4552123268708796, 0.4565804426261593, 0.4512189834480428, 0.4560019367544945, 0.455292158157201, 0.4573025133545726, 0.4565620429221755, 0.4566527117817088, 0.4542458047584873, 0.4511301227133436, 0.4554865334723086, 0.4558232941580081, 0.4549042492563868, 0.4524547855147057, 0.4569972373961533, 0.4531460390866336, 0.4550113392873882]",0.4550054304709884,0.4586539197180435
16,( get-max-one-of (( possible-decisions  ) ) (( combine (( multiply (( downstream-homophily  ) ) (( upstream-homophily  ) )  ) ) (( subtract (( consider-random  ) ) (( combine (( upstream-homophily  ) ) (( consider-random  ) )  ) )  ) )  ) )  ) ,"[0.4501851580808437, 0.4533881432770963, 0.4555405707891655, 0.4504476265797669, 0.4536884399523365, 0.4543985563793395, 0.4516120786973457, 0.4533497328154072, 0.451893235486127, 0.4507256996503724, 0.4526791150369903, 0.4512976957450311, 0.4519799533130108, 0.4475867653874795, 0.4507642454246795, 0.4537241872136578, 0.454378307749945, 0.4494613750546673, 0.4523667659325635, 0.4537057821043314, 0.4537552475415517, 0.4504774197574417, 0.4525519170440579, 0.4515764679853453, 0.4530262636334003, 0.4543410173128652, 0.4516062531282154, 0.4510067437079548, 0.4497022394328852, 0.4521820608786266]",0.45211330216975004,0.4555405707891655
57,( get-max-one-of (( possible-decisions  ) ) (( subtract (( subtract (( consider-random  ) ) (( consider-relative-income  ) )  ) ) (( consider-altruism  ) )  ) )  ) ,"[0.4482284137201555, 0.4522995930832669, 0.4508194588350767, 0.4523525224779212, 0.450672558972845, 0.4489831529024514, 0.4486832404280892, 0.4489461409197195, 0.4522645358495162, 0.4504003830807054, 0.4500802387272173, 0.452692997218634, 0.4519865687491917, 0.4497310062318782, 0.4458918200589249, 0.4463216686365839, 0.4506360325243676, 0.4528958601853994, 0.4521965279191098, 0.4517181736328524, 0.4465419820818274, 0.4512525961437495, 0.4499066647364373, 0.4508873159800543, 0.4495219262208196, 0.4542179123643434, 0.4515089112562884, 0.449718449293419, 0.4545829343716467, 0.4489025320291415]",0.45049473728772116,0.4545829343716467
98,( get-min-one-of (( possible-decisions  ) ) (( subtract (( upstream-homophily  ) ) (( consider-heuristic  ) )  ) )  ) ,"[0.4489724413255334, 0.4495769336710462, 0.4507383848359567, 0.4483330895763671, 0.4482551179837148, 0.4471993780430431, 0.4468834642499522, 0.4480809992405381, 0.449517241406989, 0.4513150482079872, 0.4509675586824916, 0.4498273565024791, 0.4486129522023281, 0.4516765550455145, 0.4490844195393601, 0.4472219796627709, 0.4515760592368567, 0.4487066363071305, 0.4463839249380703, 0.4480274518148727, 0.4495603315479002, 0.4494201306417227, 0.4488671396777399, 0.4490142832165532, 0.4486985107338606, 0.4484158522312911, 0.4465066111003674, 0.4500352629972123, 0.4502656034862407, 0.4468334796716652]",0.4489524732592519,0.4516765550455145
42,( get-max-one-of (( possible-decisions  ) ) (( subtract (( consider-heuristic  ) ) (( upstream-homophily  ) )  ) )  ) ,"[0.4479555129463082, 0.4503153925864014, 0.4490617522407583, 0.4493510681327411, 0.447822590171558, 0.4488988148085326, 0.4488700400711158, 0.4484827899320209, 0.4478985534033097, 0.4501275900694576, 0.4500054281137606, 0.448489082777364, 0.4515771290762896, 0.4475974242096222, 0.4474620090273217, 0.4508452671171803, 0.4469335940339274, 0.4471475785433677, 0.4465049435899562, 0.4471010097596345, 0.4479758376590421, 0.4473967367351819, 0.4512832122531106, 0.4523566443259295, 0.448717560226529, 0.4496975688422217, 0.4478927747527237, 0.4484462355607674, 0.4514647839237392, 0.4466901760128989]",0.44881230336342576,0.4523566443259295
8,( get-max-one-of (( possible-decisions  ) ) (( combine (( consider-random  ) ) (( subtract (( consider-random  ) ) (( upstream-homophily  ) )  ) )  ) )  ) ,"[0.4492866905655001, 0.4497648906473096, 0.4489605913990425, 0.4494882695826444, 0.4484065737694899, 0.4459392081618923, 0.4495690886587539, 0.4463890935522454, 0.4490099818452641, 0.446812484684049, 0.4450666474231226, 0.4482431019032307, 0.446619729494133, 0.4502646309783123, 0.4487234437469369, 0.4448484388846072, 0.4480618536849877, 0.4485182173172618, 0.4467404689374221, 0.4490193826070267, 0.4455872328606825, 0.4467118151074951, 0.4502999014541913, 0.4463564473719231, 0.4481087860565946, 0.4480443394640119, 0.4473748460864649, 0.4491071716919248, 0.4494210678371992, 0.4471532927760427]",0.44792992295165873,0.4502999014541913
53,( get-max-one-of (( possible-decisions  ) ) (( subtract (( downstream-homophily  ) ) (( combine (( consider-random  ) ) (( upstream-homophily  ) )  ) )  ) )  ) ,"[0.4462977231523867, 0.445342584794951, 0.4449695068571393, 0.4450425367543554, 0.4429259524682328, 0.4447855950741123, 0.4449779676739462, 0.4447670026152215, 0.4462816240732161, 0.448006710714661, 0.4463583503296736, 0.4450289494214157, 0.4459965314536303, 0.4447557262572013, 0.4443037655663568, 0.4457111974765487, 0.443991394938078, 0.4457634784249825, 0.4463192928251445, 0.4453757974193499, 0.447270541769819, 0.4464373062948678, 0.4465754293203591, 0.4471400971463485, 0.4442963438354668, 0.4461739482177058, 0.4464382620815417, 0.4448397253751105, 0.4459117671598434, 0.4444096638642896]",0.44554982577853186,0.448006710714661
10,( get-max-one-of (( possible-decisions  ) ) (( combine (( consider-utilitarian  ) ) (( upstream-homophily  ) )  ) )  ) ,"[0.44292106002797, 0.4433796815030527, 0.4418790720313765, 0.4438335622590421, 0.4436229495422399, 0.4409565889543311, 0.4426993478399197, 0.4452843787872293, 0.4430173441712396, 0.4418634194690451, 0.4428657469433368, 0.4428659212306644, 0.4427786064428278, 0.4427265238063412, 0.4433551120088007, 0.443973770500219, 0.4436179432574497, 0.4417457801525934, 0.4418187559319343, 0.4439350090727783, 0.4415887112461902, 0.4425806564582536, 0.4421212187131328, 0.4429872216229601, 0.4431012123195408, 0.4420828153575455, 0.4423441374484833, 0.4408310789954772, 0.4428881459469209, 0.4417500065828947]",0.44271385928745965,0.4452843787872293
20,( get-max-one-of (( possible-decisions  ) ) (( combine (( upstream-homophily  ) ) (( consider-utilitarian  ) )  ) )  ) ,"[0.4408066221484176, 0.442432119670358, 0.4424971068229086, 0.4430241758064434, 0.4429142827205268, 0.4443397490684815, 0.4425978971655217, 0.4439572583633117, 0.4437116655084528, 0.4408561054827069, 0.4437566827023597, 0.4412425032153815, 0.4434963321342349, 0.443485219204105, 0.4429548129988596, 0.4404835087931625, 0.4421796942292086, 0.44009282974396, 0.4419726067565305, 0.4429840728497741, 0.4419834587575837, 0.441447848999245, 0.4420354318615646, 0.4403542664387023, 0.4410890127119469, 0.4428417634872243, 0.4394569415955254, 0.4452295934275356, 0.4418745798568081, 0.4451693616052167]",0.44237558347086864,0.4452295934275356
66,( get-min-one-of (( possible-decisions  ) ) (( combine (( consider-random  ) ) (( subtract (( consider-pseudorandom  ) ) (( multiply (( consider-relative-income  ) ) (( downstream-homophily  ) )  ) )  ) )  ) )  ) ,"[0.4386544536845133, 0.4388915468320016, 0.4390388332402505, 0.4401215639190738, 0.4406328191476359, 0.4407434558812433, 0.4398660094464401, 0.4375208271952436, 0.4400544412321105, 0.4406674615464535, 0.4390548275256015, 0.4373048428471037, 0.4386937706854965, 0.4409285437149864, 0.4383138049556768, 0.4404579806482036, 0.4398161718321433, 0.4421068790750771, 0.4427174629794442, 0.4419670964891395, 0.4398567159187448, 0.4393964485599435, 0.4411901350947164, 0.4388734643967313, 0.4397906915145429, 0.4397088636917805, 0.4411625599781997, 0.4412092574792363, 0.4430038647034759, 0.4391537028085579]",0.4400299499007923,0.4430038647034759
49,( get-max-one-of (( possible-decisions  ) ) (( subtract (( consider-utilitarian  ) ) (( consider-pseudorandom  ) )  ) )  ) ,"[0.4409957684006154, 0.4379080474551771, 0.4405996696340755, 0.4384015997136253, 0.4394751204045105, 0.4396819219599856, 0.4385373268158825, 0.438568455838598, 0.4398882962894418, 0.4398593988616591, 0.4386961006577437, 0.4402648472136454, 0.4388233020137884, 0.4391335896006339, 0.4380269458128826, 0.4394515645959111, 0.438476648316705, 0.4405077147111304, 0.4416057758412089, 0.4395623268572697, 0.4398084888152377, 0.4400491661999723, 0.4399481148097316, 0.4408952533185652, 0.4388448385716115, 0.4407710865226557, 0.4415122015767455, 0.4396805187835527, 0.4387778986962499, 0.4388940474743497]",0.43958820119210534,0.4416057758412089
84,( get-min-one-of (( possible-decisions  ) ) (( subtract (( consider-pseudorandom  ) ) (( consider-utilitarian  ) )  ) )  ) ,"[0.4373293586135841, 0.4399949515416546, 0.4398420870363995, 0.4399710277327823, 0.4387970549778066, 0.4391034711287379, 0.4397080994863354, 0.4401558776056624, 0.4398559496020748, 0.4382485667210545, 0.4391906394219693, 0.4397976061089179, 0.4386474064292827, 0.4392229616839719, 0.4403650187890565, 0.44075605439811, 0.4382715720950488, 0.4393505379294152, 0.4422088758783187, 0.4384554863081282, 0.4400780680715849, 0.4421988347453117, 0.4405635773401763, 0.4387781392466832, 0.4396861964726291, 0.4388278809676307, 0.4400715278908501, 0.4399150950684227, 0.4370451160729707, 0.4403344927804448]",0.43955905107150056,0.4422088758783187
72,( get-min-one-of (( possible-decisions  ) ) (( combine (( upstream-homophily  ) ) (( consider-random  ) )  ) )  ) ,"[0.4388289174237056, 0.4372208611860799, 0.4357461440258904, 0.4397369516457573, 0.4385492360542083, 0.4373191285722311, 0.4383527074578979, 0.4350632504458766, 0.4373280413866791, 0.4410497309516433, 0.4367534196926421, 0.4351894253562599, 0.4379591555785521, 0.4364295294391028, 0.4386380861146333, 0.4412890202452559, 0.4396961459643824, 0.4367471851955188, 0.4382059348721822, 0.4394120879947204, 0.4365678659882794, 0.4357383068351174, 0.4373718538858575, 0.4375431130216908, 0.4356464454686846, 0.4389436900308199, 0.4377876117718239, 0.435335034447095, 0.4361117996841799, 0.4385483383778692]",0.43763696730382123,0.4412890202452559
67,( get-min-one-of (( possible-decisions  ) ) (( combine (( consider-random  ) ) (( upstream-homophily  ) )  ) )  ) ,"[0.436509304264189, 0.4376428663515878, 0.4343787142016789, 0.4344691021127922, 0.4395136514871232, 0.4355258813745869, 0.4365499007827989, 0.4384147555470014, 0.4369837600838832, 0.4378450399682759, 0.4373362474464958, 0.4384934934510824, 0.4393432008407189, 0.4367677177185601, 0.4400910558702879, 0.4352343221196096, 0.4379304225001428, 0.4347896552867325, 0.4351475150828389, 0.4370128241226994, 0.4347620200295811, 0.4396987177804143, 0.4392078787879094, 0.4361467267051315, 0.4385772760110135, 0.4371171970233984, 0.4395192962992492, 0.4402020577706123, 0.4374084187474572, 0.4421897178821103]",0.4374936245883322,0.4421897178821103
65,( get-min-one-of (( possible-decisions  ) ) (( combine (( consider-random  ) ) (( downstream-homophily  ) )  ) )  ) ,"[0.4369319058934385, 0.4371690697839709, 0.4393001513401438, 0.434701949349365, 0.439486162012135, 0.4378237203785549, 0.4360136957229003, 0.4380456263456299, 0.4405163987452499, 0.4385686257242829, 0.4378800505666501, 0.4373593317531138, 0.4364840992309191, 0.4363230364616308, 0.4383356128134374, 0.434829800343422, 0.4360944090801756, 0.4388473482824387, 0.4369815468989987, 0.4394881687639458, 0.4357149210566183, 0.4365364722380511, 0.4387898371167079, 0.4362043458532048, 0.437119280726803, 0.4372145282113313, 0.4374377577398011, 0.437973372335728, 0.4373432691110059, 0.4385632072362578]",0.4374692567038637,0.4405163987452499
90,( get-min-one-of (( possible-decisions  ) ) (( subtract (( downstream-homophily  ) ) (( consider-random  ) )  ) )  ) ,"[0.4342524560122001, 0.4384381252814162, 0.4375895204075993, 0.4373774201871686, 0.4381963640197411, 0.4382833552145335, 0.4384439441421793, 0.4375105320635783, 0.4381309844099981, 0.4364590250244141, 0.4369914663914651, 0.4362340905556843, 0.4366616985174857, 0.4388477557674287, 0.4393802895998129, 0.4371148327158052, 0.4344759153172041, 0.4357320665429532, 0.4382607369646439, 0.4366824678583436, 0.4340060153408187, 0.4382521103426682, 0.4389314004274922, 0.4361752307847045, 0.4382691652708919, 0.4362950361421581, 0.4388636403000046, 0.4377042139282698, 0.4381356581696771, 0.4403663039982046]",0.43740206072328486,0.4403663039982046
99,( get-min-one-of (( possible-decisions  ) ) (( subtract (( upstream-homophily  ) ) (( consider-random  ) )  ) )  ) ,"[0.4376895697010294, 0.4375068518468148, 0.4366801377541038, 0.4380421904504928, 0.4366896843555114, 0.4377813392519414, 0.4388510465929214, 0.4383044312118815, 0.4385338884172649, 0.4366790321757859, 0.4361205025436604, 0.4345225023965604, 0.4363113851900465, 0.4370621023823905, 0.4366933840335288, 0.4386016854597562, 0.4403290054942793, 0.4390856146022818, 0.4366366370554015, 0.4368441226994048, 0.438882496583633, 0.4361022377479934, 0.4388319623132236, 0.4383943909330443, 0.4379806821578817, 0.4366476528538961, 0.437269001984482, 0.4350853698330926, 0.4377612419191987, 0.4355094475769525]",0.4373809865839486,0.4403290054942793
47,( get-max-one-of (( possible-decisions  ) ) (( subtract (( consider-random  ) ) (( downstream-homophily  ) )  ) )  ) ,"[0.4347973313558272, 0.4349489764049716, 0.4382290737828913, 0.4356782242821029, 0.4389247711509461, 0.4366277000256079, 0.437112658358431, 0.4358869408875356, 0.4376757123639462, 0.4342450642672056, 0.4360071535094155, 0.4385590158808455, 0.438182028437681, 0.439123685238722, 0.437495558671286, 0.4389642524401356, 0.4378277916770589, 0.4364886508138696, 0.4367253569193562, 0.4382755181283604, 0.435840390077228, 0.4374317116187472, 0.4370648316759126, 0.4372033328290352, 0.4374571086985426, 0.4413917859997396, 0.4368509535045145, 0.4368822733414251, 0.4340953086196288, 0.4369965374123288]",0.43709965661244327,0.4413917859997396
95,( get-min-one-of (( possible-decisions  ) ) (( subtract (( subtract (( subtract (( downstream-homophily  ) ) (( upstream-homophily  ) )  ) ) (( consider-altruism  ) )  ) ) (( consider-selfishness  ) )  ) )  ) ,"[0.4368635788647683, 0.4360831708487516, 0.4364130976687888, 0.4361492577496165, 0.4361891241588262, 0.4363627553548366, 0.4368385396975361, 0.4367897000857346, 0.4363117190453887, 0.4363718471474411, 0.4367134811748067, 0.4362418215427828, 0.43656017955836, 0.436709659446502, 0.4365986518192853, 0.4365916775217196, 0.4361257592897336, 0.4369301944915806, 0.436694832899895, 0.4364408486855911, 0.4366595202789737, 0.4368336368887859, 0.4363285015751488, 0.4365885148731027, 0.4358181877210962, 0.4368484940571292, 0.4367614713861482, 0.4362691928051049, 0.4366481252970262, 0.4358529612838819]",0.43648628344061147,0.4369301944915806
80,( get-min-one-of (( possible-decisions  ) ) (( multiply (( subtract (( consider-utilitarian  ) ) (( downstream-homophily  ) )  ) ) (( consider-random  ) )  ) )  ) ,"[0.4376492270266764, 0.4306051591989012, 0.4367915922829084, 0.4323738836122914, 0.4347836767823844, 0.4340614924854676, 0.4337579794248906, 0.4435900442295116, 0.4392403007990056, 0.4330266947287888, 0.4341089400947883, 0.4313582311948575, 0.4340607702426701, 0.4375417538088229, 0.4322053398916167, 0.4348672353346597, 0.4377125068230223, 0.4366834611496364, 0.4348734659625243, 0.4330864026287666, 0.4309863213957461, 0.4359055239681979, 0.4348516959936643, 0.437267868544695, 0.4368990794588183, 0.435323760951076, 0.4419494597689123, 0.4386787811092236, 0.4385433410090321, 0.4346415684234703]",0.43558085194416757,0.4435900442295116
60,( get-min-one-of (( possible-decisions  ) ) (( combine (( consider-heuristic  ) ) (( subtract (( combine (( consider-random  ) ) (( upstream-homophily  ) )  ) ) (( consider-altruism  ) )  ) )  ) )  ) ,"[0.4361521005887456, 0.4342882382374888, 0.4339302715658678, 0.4324334532180034, 0.4359506532242032, 0.4337243513885168, 0.4365851306903396, 0.4328090118736196, 0.4343066044900983, 0.4354110970606771, 0.4331717123226824, 0.4369134318417124, 0.4355828075617591, 0.4359033343903318, 0.4362175687313512, 0.4353205540258626, 0.4354005150629851, 0.4356732824943349, 0.4294152385916331, 0.4320870097728804, 0.438026838676873, 0.4325468747640837, 0.4353322591568171, 0.4357991846509648, 0.4338051119033909, 0.4325782732906905, 0.433780548140607, 0.4364507379273857, 0.4346255499040956, 0.4321595475751614]",0.43454604310410544,0.438026838676873
54,( get-max-one-of (( possible-decisions  ) ) (( subtract (( downstream-homophily  ) ) (( multiply (( consider-random  ) ) (( consider-utilitarian  ) )  ) )  ) )  ) ,"[0.4326330393052054, 0.4284238903696083, 0.4381225089049112, 0.440833911711704, 0.4321754435671711, 0.4326652885939041, 0.4313186404969953, 0.4346345703728053, 0.4311594406431407, 0.433830219284988, 0.4313781332595228, 0.4347132537750008, 0.4359620513928665, 0.4299039513640268, 0.4304985817712187, 0.4325594461563449, 0.4391630355501231, 0.4409324705597819, 0.4371072989424961, 0.4330335277809353, 0.4289302886142953, 0.4376760015303134, 0.4279239329439417, 0.4271134202598063, 0.4297770825389564, 0.4383712033414705, 0.4294318819422679, 0.4325066019866904, 0.4324345219852632, 0.4311716279228139]",0.4332128422289523,0.4409324705597819
91,( get-min-one-of (( possible-decisions  ) ) (( subtract (( multiply (( consider-relative-income  ) ) (( consider-relative-income  ) )  ) ) (( consider-random  ) )  ) )  ) ,"[0.432181722180945, 0.4305727999428646, 0.4327814834620355, 0.4328898566651139, 0.4330903116499335, 0.433180456574503, 0.4322442420946125, 0.4321703261933993, 0.4326171136013153, 0.4318076929844784, 0.4323291239745216, 0.431861000249481, 0.4321630475723473, 0.4316855898736074, 0.431785225042731, 0.4332455469718487, 0.4326803799728867, 0.432566751826846, 0.4320767043057731, 0.4318358445248901, 0.4328529029783508, 0.4322266370944169, 0.4321686166674137, 0.4315852531956359, 0.4327432973691856, 0.4315685372746471, 0.4324481131005149, 0.432903845503948, 0.4318832462168672, 0.4319251630498856]",0.43226902773716663,0.4332455469718487
33,( get-max-one-of (( possible-decisions  ) ) (( multiply (( consider-selfishness  ) ) (( subtract (( upstream-homophily  ) ) (( consider-utilitarian  ) )  ) )  ) )  ) ,"[0.4290830236039411, 0.4278761855285122, 0.4303108122599653, 0.4286314451910355, 0.4297659037171931, 0.4302138845914709, 0.4285558101887924, 0.4298579504420968, 0.4310957765312175, 0.4296248826491757, 0.4302820135699716, 0.4283920673168444, 0.4301017183311934, 0.4299243130911731, 0.4293927367817542, 0.4295469377697336, 0.4294002571552165, 0.4290336052247186, 0.4296510324450469, 0.4295067895655448, 0.4285651050357487, 0.4277671386274241, 0.4294141798978925, 0.4290880043577272, 0.4287414027801139, 0.4295373487235724, 0.4285914612669987, 0.4291231482844668, 0.4308176938627979, 0.429634303126895]",0.42938423106394114,0.4310957765312175
46,( get-max-one-of (( possible-decisions  ) ) (( subtract (( consider-random  ) ) (( consider-utilitarian  ) )  ) )  ) ,"[0.4193269541943764, 0.4203174328994215, 0.4214097979320479, 0.4205383435235288, 0.4172896811000235, 0.4187695374918537, 0.4199574562825629, 0.4187727361050376, 0.4192440442956243, 0.4195920261519072, 0.4184989010947302, 0.4203623491871483, 0.4212642182853272, 0.4194791609600997, 0.420069942853048, 0.4204159870822931, 0.4194255082648219, 0.4175025360222119, 0.4190325629700244, 0.4167884996429999, 0.4161398419095741, 0.4194173602589157, 0.4187404722574622, 0.4204904982564835, 0.4191514101064995, 0.4159495842497904, 0.4177750906020104, 0.4183702720860531, 0.4173998531190614, 0.418097047102168]",0.4189863035429036,0.4214097979320479
88,( get-min-one-of (( possible-decisions  ) ) (( subtract (( consider-utilitarian  ) ) (( consider-random  ) )  ) )  ) ,"[0.4181467919460217, 0.4200397869734862, 0.4184545831688659, 0.4196696137745004, 0.4183406506442555, 0.4211300167464321, 0.4170593288426892, 0.4157760727102069, 0.4226602766578831, 0.4197090894282828, 0.4156374560191945, 0.4229973201257331, 0.4167618659613051, 0.4197458567492637, 0.4154537370511433, 0.417210572072644, 0.4184461215696114, 0.4179452141258874, 0.4179136037835126, 0.4180237745491627, 0.4191538729203696, 0.420120825704439, 0.4202611106530954, 0.4180039584298378, 0.4191375827627666, 0.4196719443787561, 0.4194817059579755, 0.4168568721009256, 0.4174584420569778, 0.4193419560865669]",0.4186870001317264,0.4229973201257331
87,( get-min-one-of (( possible-decisions  ) ) (( subtract (( consider-utilitarian  ) ) (( combine (( upstream-homophily  ) ) (( consider-random  ) )  ) )  ) )  ) ,"[0.4175980907283588, 0.4176523799631477, 0.4178922470976582, 0.4182244062855622, 0.4170614430404998, 0.4208870333152287, 0.4150252251503869, 0.4172592697725861, 0.4137404712903879, 0.4150415685150209, 0.4155173138613489, 0.4172769177630224, 0.4240922111521927, 0.4213225667060655, 0.4180494065274722, 0.4173121222165264, 0.4189101720541276, 0.4175279729711448, 0.4169239401450888, 0.4193238396453123, 0.4124925565351763, 0.4126476476922958, 0.4144923818160294, 0.415215078819757, 0.4211397645826739, 0.4168135857046021, 0.4218933099959411, 0.4134703875170434, 0.4180531926869938, 0.421516919636636]",0.41747911410627625,0.4240922111521927
52,( get-max-one-of (( possible-decisions  ) ) (( subtract (( consider-utilitarian  ) ) (( subtract (( consider-heuristic  ) ) (( multiply (( combine (( consider-relative-income  ) ) (( consider-selfishness  ) )  ) ) (( consider-heuristic  ) )  ) )  ) )  ) )  ) ,"[0.416558698593941, 0.4158129103224602, 0.4154812663109542, 0.4172036492280173, 0.4148345317733625, 0.4175695601211003, 0.416726470006341, 0.4177503184876643, 0.4161584683565141, 0.4175137124660931, 0.4151244184719522, 0.4159209541510855, 0.4177604273628305, 0.4156159093060645, 0.4181234649506659, 0.4158746274731526, 0.4150987473728461, 0.4173963221065224, 0.4151988239421192, 0.4162580910852654, 0.4163254362635754, 0.4185701109143098, 0.4175158043058571, 0.4160339741808396, 0.4188476691167961, 0.4161575310029112, 0.4157780910942, 0.415867454859088, 0.4153192788777998, 0.4146874095435233]",0.4164361377349284,0.4188476691167961
81,( get-min-one-of (( possible-decisions  ) ) (( subtract (( combine (( upstream-homophily  ) ) (( consider-utilitarian  ) )  ) ) (( upstream-homophily  ) )  ) )  ) ,"[0.4151995428981896, 0.4134763067961068, 0.4121677487282388, 0.4124133485203095, 0.4151591131635508, 0.4161053446109842, 0.414619838976217, 0.4162163582995113, 0.4177858208276689, 0.4147349836719959, 0.4132820842825883, 0.4142719393566002, 0.4150010858303088, 0.412843257617244, 0.4149122352968457, 0.4112761458855083, 0.4170295999357113, 0.4165107711196027, 0.4136043154100608, 0.4104936671890983, 0.4166311859039053, 0.4148371119331721, 0.4122994901855394, 0.413306367205935, 0.4131896253003833, 0.4132383059734008, 0.4150987203998075, 0.4146536161968022, 0.4176689565614546, 0.4138916005060323]",0.4143972829527591,0.4177858208276689
39,( get-max-one-of (( possible-decisions  ) ) (( subtract (( combine (( consider-selfishness  ) ) (( consider-altruism  ) )  ) ) (( consider-utilitarian  ) )  ) )  ) ,"[0.4167021135933078, 0.4156443864060942, 0.4162668166955425, 0.4162390183893942, 0.4154899216663036, 0.4146305659364328, 0.4132949744815014, 0.4170919983838494, 0.4157152715930985, 0.4138308273695028, 0.4147378419317716, 0.4145476416564447, 0.4140265560097766, 0.4117986310025248, 0.4147106188278679, 0.4139926347204621, 0.4127928606726588, 0.4136186454126839, 0.4156942504439602, 0.4138386768825299, 0.4115693125580824, 0.4118506448881283, 0.4124232025443168, 0.41196638521919, 0.4147928061939631, 0.4162946124144928, 0.4138339416720424, 0.4148599939435449, 0.4150520451565163, 0.4140038810861057]",0.41437703592506975,0.4170919983838494
77,( get-min-one-of (( possible-decisions  ) ) (( multiply (( consider-utilitarian  ) ) (( consider-utilitarian  ) )  ) )  ) ,"[0.4123614458620285, 0.415190983215931, 0.4160103051343444, 0.4128295039477798, 0.4137563862170424, 0.4147628784263966, 0.4152780791454876, 0.4125227766213626, 0.4141154419354038, 0.4145903174878697, 0.4147139582406566, 0.4146606761932025, 0.409716337031376, 0.4146388177901775, 0.4129266858315343, 0.4157287486018655, 0.4155646068987617, 0.4156009628982267, 0.4143205075510828, 0.414678295943611, 0.4153431787586874, 0.4184364037516374, 0.4159678704046501, 0.4159828125849987, 0.4147912248061732, 0.4124588556296782, 0.4129293612369026, 0.4156993110866394, 0.4117597420987218, 0.4132962619005232]",0.414354424574425,0.4184364037516374
71,( get-min-one-of (( possible-decisions  ) ) (( combine (( subtract (( consider-utilitarian  ) ) (( consider-selfishness  ) )  ) ) (( consider-selfishness  ) )  ) )  ) ,"[0.4104604122691492, 0.4139788644735037, 0.4148787110111797, 0.415652309629268, 0.4116447728191023, 0.4143045311207926, 0.4145168514705241, 0.4137932348687453, 0.4144641058593371, 0.4167610299996516, 0.415586702421036, 0.4129717641160827, 0.4131781823959909, 0.4172613776906783, 0.4148526928631549, 0.4132138954932901, 0.4128733464464289, 0.4142486134705211, 0.4157968697593199, 0.4140037209567745, 0.4135551454233073, 0.4148699305833474, 0.4175466712368563, 0.4124061115072371, 0.4143601453662462, 0.4121498720593466, 0.4153589080643076, 0.4142050156904577, 0.4143005428227931, 0.4166094072523322]",0.4143267913046921,0.4175466712368563
68,( get-min-one-of (( possible-decisions  ) ) (( combine (( consider-utilitarian  ) ) (( consider-utilitarian  ) )  ) )  ) ,"[0.4147506009700423, 0.4128656224628513, 0.4143356358158005, 0.4123823197669341, 0.4124533528286566, 0.4139645304422095, 0.41419000612947, 0.4124122251567638, 0.4140548477244011, 0.4136970619849138, 0.4162577597904732, 0.415951578483448, 0.4156653527281733, 0.4137696269448518, 0.4134591028626082, 0.415847205957294, 0.4118518911994865, 0.4150748900738603, 0.4160317885767316, 0.4135209981337687, 0.4144650911483062, 0.4152125308408874, 0.4121311627726479, 0.4139177862645136, 0.413181520625461, 0.4136032766530516, 0.4152172089229101, 0.4169847708904939, 0.4155539907565108, 0.4144562079929087]",0.41424199816334756,0.4169847708904939
3,( get-max-one-of (( possible-decisions  ) ) (( combine (( consider-pseudorandom  ) ) (( consider-heuristic  ) )  ) )  ) ,"[0.4028765141358236, 0.4014480264007646, 0.4002673406896827, 0.403492117093917, 0.4012984189591472, 0.4036458061789035, 0.4032470028772695, 0.4029004826912251, 0.4026937329786896, 0.3976151718568612, 0.4001243559450872, 0.3947470841795115, 0.400770209485719, 0.4041312217608886, 0.405655274204785, 0.3967662850136145, 0.4074461132157446, 0.3963344024221742, 0.4005928089470653, 0.3979823151304497, 0.3994630680244815, 0.4019420220723523, 0.4041520084393524, 0.4042118522562642, 0.3991889589756762, 0.3985765814744378, 0.4012929844304059, 0.3991480414983639, 0.3975808834943165, 0.4013525739456151]",0.40103145529261963,0.4074461132157446
79,( get-min-one-of (( possible-decisions  ) ) (( multiply (( multiply (( consider-pseudorandom  ) ) (( consider-pseudorandom  ) )  ) ) (( consider-selfishness  ) )  ) )  ) ,"[0.4006773315267455, 0.399666631253526, 0.400552385745202, 0.4000976234852478, 0.4005049620706731, 0.3997411473943967, 0.3996209962736748, 0.3998577495320439, 0.3994471294909595, 0.4000191485050302, 0.3998562868077169, 0.3998383755537931, 0.3994285387353454, 0.3995028402956895, 0.3994290053357928, 0.3995810875690475, 0.3998505318459092, 0.3992572173877307, 0.400360343298094, 0.4003769612811437, 0.3999845908835721, 0.3999314092424091, 0.4003713759839704, 0.3990399844210099, 0.4001412747532958, 0.3996358664431877, 0.4003980795901332, 0.3998920899876549, 0.4004233302980558, 0.4004676191455545]",0.3999317304712201,0.4006773315267455
29,( get-max-one-of (( possible-decisions  ) ) (( multiply (( consider-pseudorandom  ) ) (( subtract (( consider-altruism  ) ) (( multiply (( multiply (( consider-heuristic  ) ) (( consider-pseudorandom  ) )  ) ) (( upstream-homophily  ) )  ) )  ) )  ) )  ) ,"[0.4001684583033157, 0.3992978175194751, 0.4000431631761851, 0.3997674293706945, 0.4001242616447228, 0.3999957699160626, 0.3996335179669592, 0.3993253635485578, 0.3994558815137436, 0.4003721935559907, 0.3994090934572544, 0.4001955541674398, 0.3995830943612303, 0.3997442981361011, 0.4004685482799585, 0.3999115857269977, 0.3994693274713011, 0.4003854345684721, 0.3998846292531023, 0.3995454272468464, 0.4007089024945416, 0.400193735255923, 0.4007299273875185, 0.3997712873839637, 0.3999995460159488, 0.3994053219713583, 0.3998520410277592, 0.3999409350858905, 0.4002930949639806, 0.3998483463889804]",0.3999174662386758,0.4007299273875185
75,( get-min-one-of (( possible-decisions  ) ) (( multiply (( consider-selfishness  ) ) (( consider-pseudorandom  ) )  ) )  ) ,"[0.3995246168867324, 0.3998696688037826, 0.4001855444971479, 0.399850288544251, 0.399544868982303, 0.4001209451957168, 0.399643308800669, 0.3999233795953896, 0.4001752462199192, 0.399769323138583, 0.3995666563880536, 0.3993521440870918, 0.4004208232639847, 0.3999660174035832, 0.3997384493549336, 0.4000760675650616, 0.3999626651195735, 0.3999751730971415, 0.3997907623646046, 0.3991375257792146, 0.3997922319588701, 0.3997818185462848, 0.4002269956066874, 0.3995278458828023, 0.3995398984746671, 0.400043781710888, 0.3994423687407664, 0.4004341676930735, 0.3995321910089138, 0.3997218091306294]",0.39982121946137733,0.4004341676930735
28,( get-max-one-of (( possible-decisions  ) ) (( multiply (( consider-pseudorandom  ) ) (( consider-altruism  ) )  ) )  ) ,"[0.3998708293061316, 0.4004725189212436, 0.4009369436815157, 0.3993571589052382, 0.3992604465102859, 0.3991757444763153, 0.4000362502059116, 0.3996647434057803, 0.3991822296282837, 0.3996290204802736, 0.3991947242032052, 0.3998663702562803, 0.3999197251338574, 0.4003424902644075, 0.4001543715303577, 0.3996840474243506, 0.3988890418759679, 0.3996588012179821, 0.3998835069124458, 0.4004536446887124, 0.3994630611224388, 0.3999142471454847, 0.3994647851475468, 0.4001394952341131, 0.4004427527132836, 0.3995834400760116, 0.3999171888786109, 0.3998236604398008, 0.3999879772931946, 0.3996065619455728]",0.3997991926341535,0.4009369436815157
24,( get-max-one-of (( possible-decisions  ) ) (( multiply (( consider-altruism  ) ) (( consider-pseudorandom  ) )  ) )  ) ,"[0.3999167112977526, 0.3990718389540719, 0.4000112529254604, 0.3997601468291338, 0.3998104196215265, 0.3997528102975743, 0.3999388275220192, 0.3999881981966506, 0.4000682670471709, 0.4004949401144577, 0.3991234690112846, 0.4000442604361206, 0.3992208155163436, 0.4000534479040961, 0.3999623968274617, 0.3994436167827825, 0.4001655251100933, 0.3999779090845364, 0.3999935503958853, 0.3999026521287996, 0.399705713035049, 0.3995887253133776, 0.3995885249888227, 0.3992321788549852, 0.3993045534956071, 0.4000830840108509, 0.3999304680766936, 0.400187459742074, 0.3994296843386054, 0.3998023410248734]",0.39978512629613866,0.4004949401144577
55,( get-max-one-of (( possible-decisions  ) ) (( subtract (( downstream-homophily  ) ) (( subtract (( consider-pseudorandom  ) ) (( consider-heuristic  ) )  ) )  ) )  ) ,"[0.4023446158573487, 0.3988500805010879, 0.399867673871344, 0.4049767632037739, 0.3973294573845811, 0.4020540922022565, 0.4002227307956253, 0.3941108237932236, 0.4005738994148874, 0.3934731724584573, 0.3986214935337775, 0.3977983549713453, 0.3979566437233043, 0.4058670113589931, 0.3996468998415231, 0.3983261567549538, 0.4012170815468436, 0.4002790678501445, 0.3997283897054765, 0.3994051229395904, 0.4028529184130199, 0.3979256366546533, 0.3955213420721466, 0.40130772898877, 0.3968710724837526, 0.3965586859443279, 0.396954989084981, 0.4030640306317485, 0.4050201639727505, 0.3957235096110928]",0.3994816536521927,0.4058670113589931
78,( get-min-one-of (( possible-decisions  ) ) (( multiply (( multiply (( consider-pseudorandom  ) ) (( combine (( consider-selfishness  ) ) (( consider-utilitarian  ) )  ) )  ) ) (( subtract (( consider-pseudorandom  ) ) (( consider-heuristic  ) )  ) )  ) )  ) ,"[0.3817509308824256, 0.3760890480057787, 0.380973713015413, 0.3768847680894273, 0.3765785704468948, 0.3769866101146553, 0.3772986868056964, 0.3729755231507202, 0.3807282182901625, 0.3708970566736902, 0.3762476050525202, 0.3664222120448186, 0.3781065285425397, 0.3847976489206741, 0.3846245554109206, 0.3739567621233661, 0.3710076960937906, 0.3756846265243325, 0.3725527286413547, 0.3785633999691075, 0.3698023851223789, 0.3741058012036869, 0.3872082759391017, 0.3720228241218337, 0.3761320052565114, 0.3701875820198457, 0.3853327292823447, 0.3908811082520873, 0.3772641316185352, 0.3788541243599471]",0.3771639285324853,0.3908811082520873
27,( get-max-one-of (( possible-decisions  ) ) (( multiply (( consider-heuristic  ) ) (( consider-utilitarian  ) )  ) )  ) ,"[0.3662436044497223, 0.3639797250513976, 0.3652458047911963, 0.3660439646778075, 0.3645236269226475, 0.3626248533671205, 0.3625258037849076, 0.3670220773291695, 0.3653389216739663, 0.3661050866630048, 0.3671264361735931, 0.3673241058309939, 0.3662278318105912, 0.3653391989335062, 0.3665940208278777, 0.3627868868128573, 0.3679783532471876, 0.363370033716103, 0.3625161185829868, 0.3641209848286948, 0.3637980427627634, 0.3645047957012348, 0.3617435258207148, 0.3632075159419405, 0.3645957455688262, 0.364995504108988, 0.3666121682000207, 0.3624932696198724, 0.3626357983008203, 0.367355998214339]",0.36483266012382837,0.3679783532471876
14,( get-max-one-of (( possible-decisions  ) ) (( combine (( multiply (( consider-selfishness  ) ) (( consider-relative-income  ) )  ) ) (( combine (( consider-random  ) ) (( consider-heuristic  ) )  ) )  ) )  ) ,"[0.3126361994432466, 0.3146824324372439, 0.3132096539941105, 0.3113662080573876, 0.3123317816039312, 0.3114889540252619, 0.310201976925489, 0.3142139975122704, 0.3125907993900635, 0.3164140013947066, 0.3173467463443638, 0.3133588654716319, 0.3125912211152185, 0.3105558279526292, 0.3177783194150022, 0.314238711129265, 0.3107137267204879, 0.3146338608399509, 0.3165299910852727, 0.3129166412094336, 0.3158178980032998, 0.3147494949297119, 0.3137118935878172, 0.3150849712557574, 0.31515342103296, 0.3109594047001005, 0.3144089326811814, 0.3168202850341243, 0.3119073490165344, 0.3157062642634621]",0.3138039943523971,0.3177783194150022
